address,latitude,longitude
2631 BAGLEY ST DETROIT 48216,42.324992,-83.078697
2001 MARTIN LUTHER KING JR BLVD DETROIT 48208,42.339172,-83.078316
414 W COURT ST FLINT 48503,43.010785,-83.69251
19451 CONANT DETROIT 48234,42.436833,-83.076671
2301 VAN DYKE STREET DETROIT 48214,42.358538,-83.001178
1766 OAKMAN BLVD DETROIT 48238,42.39675,-83.12746
2301 WOODMERE ST DETROIT 48209,42.309451,-83.137914
13575 LESURE ST DETROIT 48227,42.386394,-83.180336
275 W GRAND BLVD DETROIT 48216,42.317777,-83.086083
36125 GLENWOOD RD WAYNE 48184,42.287814,-83.396901
2888 W GRAND BLVD DETROIT 48202,42.366984,-83.080881
14804 W MCNICHOLS RD DETROIT 48235,42.418582,-83.194495
400 MACK AVE SUITE 1 DETROIT 48201,42.347956,-83.051938
8100 CURTIS STREET DETROIT 48221,42.42484,-83.152184
8726 WOODWARD AVE DETROIT 48202,42.380183,-83.079292
7375 WOODWARD AVE DETROIT MI,42.371062,-83.074419
3325 S DEACON ST DETROIT 48217,42.262336,-83.158454
2005 BIDDLE AVE DETROIT MI,42.213522,-83.149652
14117 SEVEN MILE E DETROIT 48205,42.435929,-82.97895
12350 E. OUTER DR DETROIT 48224,42.404043,-82.93734
25355 LAWRENCE AVE CENTER LINE 48015,42.480423,-83.034814
19830 JAMES COUZENS FWY DETROIT 48235,42.437539,-83.193324
2425 TUXEDO DETROIT 48206,42.383793,-83.112056
2507 W GRAND BLVD DETROIT 48208,42.363245,-83.093312
25639 FORD RD DEARBORN HEIGHTS 48127,42.326476,-83.290022
4669 8 MILE RD WARREN 48091,42.448302,-83.056756
22900 REMICK DR CLINTON TWP 48036,42.576863,-82.885513
14223 SOUTHHAMPTON STREET DETROIT 48213,42.398614,-82.9629
62 SEVEN MILE W DETROIT 48203,42.432618,-83.103801
14320 KERCHEVAL STREET DETROIT 48215,42.378231,-82.948551
17950 CHAREST ST DETROIT 48212,42.42557,-83.069827
19300 GREENFIELD RD DETROIT 48235,42.432377,-83.199587
10500 LYDON ST DETROIT 48238,42.378806,-83.115653
"95 VICTOR ST, HIGHLAND PARK",42.40761,-83.094331
11131 WAYNE RD DETROIT MI,42.221421,-83.3852
2300 LAPEER RD FLINT 48503,43.008458,-83.666168
15231 W MCNICHOLS RD DETROIT 48235,42.415863,-83.196135
1953 MILITARY ST DETROIT 48209,42.316402,-83.107745
1423 FIELD ST DETROIT 48214,42.353051,-83.004143
14100 KERCHEVAL DETROIT 48215,42.377413,-82.950694
37490 DEQUINDRE RD STERLING HEIGHTS 48310,42.567421,-83.087876
100 MACK AVE DETROIT 48201,42.347686,-83.055939
15509 HEYDEN ST DETROIT 48223,42.404015,-83.239944
17320 MACK AVE GROSSE POINTE 48230,42.396683,-82.920229
9021 JOSEPH CAMPAU AVE HAMTRAMCK 48212,42.391514,-83.054528
11131 WAYNE RD ROMULUS 48174,42.221421,-83.3852
2706 CHARLEVOIX ST DETROIT 48207,42.352598,-83.029769
333 NORTH PERRY ST PONTIAC 48342,42.645423,-83.289911
315 E WARREN AVE DETROIT 48201,42.359128,-83.060824
2121 BIDDLE AVE WYANDOTTE 48192,42.213138,-83.149548
14880 SOUTHFIELD RD ALLEN PARK 48101,42.257706,-83.199874
"5716 MICHIGAN AVENUE, 4TH FLORR",42.331456,-83.113458
901 MELBOURNE ST DETROIT 48211,42.380023,-83.068381
5675 MAYBURY GRAND ST DETROIT 48208,42.352314,-83.099812
19955 FENELON ST DETROIT 48234,42.442339,-83.054904
15063 GRATIOT AVE DETROIT 48205,42.444687,-82.971836
10531 W JEFFERSON AVE RIVER ROUGE 48218,42.273772,-83.134001
7900 TANK AVE WARREN 48092,42.498361,-83.029344
2733 2ND AVE DETROIT 48201,42.340418,-83.060414
324 SAGINAW ST FLINT 48502,43.017274,-83.692455
24424 W. MCNICHOLS DETROIT 48219,42.414686,-83.281449
PHILLIP ST & PROMENADE ST DETROIT 48224,42.413055,-82.963356
14750 SAINT MARYS ST DETROIT 48227,42.397118,-83.206292
100 LENOX DETROIT 48125,42.356549,-82.9413
16919 PRARIE ST DETROIT 48221,42.416354,-83.145414
15335 GRAND RIVER AVE DETROIT 48227,42.39184,-83.19674
9300 HUBBELL STREET DETROIT 48228,42.363648,-83.186592
2984 FORT ST LINCOLN PARK 48146,42.242422,-83.180774
5931 MICHIGAN AVE DETROIT 48210,42.330411,-83.116047
11745 ROSA PARKS BLVD DETROIT 48206,42.386633,-83.106841
2711 OUTER DR DETROIT 48234,42.441607,-83.058399
6900 E 10 MILE RD CENTER LINE 48015,42.476739,-83.035011
18801 JOSEPH CAMPAU AVE DETROIT 48234,42.431316,-83.073153
3535 3RD AVE DETROIT 48201,42.344679,-83.065819
3660 PACKARD ANN ARBOR 48108,42.245161,-83.688066
4919 LOVETT ST DETROIT 48210,42.341057,-83.110167
1852 W GRAND BLVD DETROIT 48208,42.35363,-83.109797
19801 PREVOST STREET DETROIT 48235,42.436627,-83.204492
400 MACK AVE SUITE 1,42.347956,-83.051938
18445 CATHEDRAL STREET DETROIT 48228,42.360338,-83.220804
110 W SEVEN MILE RD HIGHLAND PARK 48203,42.432438,-83.104431
21200 GRAND RIVER DETROIT 48219,42.41401,-83.250093
6333 MEDBURY ST DETROIT 48211,42.378525,-83.031741
5401 WOODWARD AVE DETROIT 48202,42.359779,-83.067219
1717 W 13 MILE RD ROYAL OAK 48073,42.517981,-83.165917
3737 HUMBOLT ST DETROIT 48208,42.446218,-83.045903
13240 WOODROW WILSON ST DETROIT 48238,42.396542,-83.11013
15879 SEVEN MILE E DETROIT 48205,42.436044,-82.956677
2835 BAGLEY SUITE 800 DETROIT 48216,42.324177,-83.081046
16000 PEMBROKE AVE DETROIT 48235,42.437867,-83.205281
4950 OAKMAN BLVD DETROIT 48204,42.364559,-83.155284
9215 MICHIGAN AVE DETROIT MI,42.328465,-83.153169
5275 KENILWORTH ST DEARBORN 48126,42.326188,-83.184089
6021 MCMILLIAN ST DETROIT 48209,42.317164,-83.107126
1125 OAKMAN BLVD DETROIT 48238,42.400859,-83.117034
3646 MT ELLIOT DETROIT 48207,42.362105,-83.021427
18400 JOY RD DETROIT 48228,42.358046,-83.220514
4727 ST ANTOINE SUITE 408 DETROIT 48201,42.358189,-83.056578
16922 LAWTON ST DETROIT 48221,42.416737,-83.130088
19611 E 8 MILE RD ST CLAIR SHORES 48080,42.450784,-82.927338
1000 ST. ANNE ST DETROIT 48216,42.320539,-83.076537
16101 W CHICAGO DETROIT 48228,42.364421,-83.205182
102 N HAMILTON ST DETROIT MI,42.310008,-83.385964
14300 BECK RD PLYMOUTH 48170,42.385047,-83.507978
4242 COLLINGWOOD ST DETROIT 48204,42.375382,-83.127353
8 MILE & OMIRA DETROIT 48203,42.446373,-83.129063
22020 FENKELL AVE DETROIT 48223,42.400447,-83.257523
215 S MAIN ST MT CLEMENS 48043,42.589575,-82.881046
3627 VERNOR W DETROIT 48216,42.322857,-83.088365
11850 WOODROW WILSON ST DETROIT 48206,42.388684,-83.104572
8425 FENKELL AVE DETROIT 48238,42.4024,-83.153844
571 MACK AVE DETROIT 48201,42.350647,-83.051606
2411 IROQUOIS AVE DETROIT 48214,42.362244,-82.997903
1800 HURON ST YPSILANTI 48197,42.216098,-83.619315
29621 NORTHWESTERN HWY DETROIT MI,42.362132,-83.101308
4220 VERNOR W DETROIT MI,42.321114,-83.094408
20740 GRAND RIVER AVE DETROIT 48219,42.412104,-83.245933
17731 W. 7 MILE RD DETROIT 48235,42.42979,-83.21783
3853 W JEFFERSON AVE ECORSE 48229,42.255406,-83.138054
5783 MARX ST DETROIT MI,42.429346,-83.083941
14350 TERRY STREET DETROIT 48227,42.393596,-83.190849
8275 JOHN R ST DETROIT 48202,42.376727,-83.075093
13800 EASTBURN ST DETROIT 48205,42.444776,-82.982854
8173 KENNEY ST DETROIT 48234,42.409946,-83.020415
20000 EVERGREEN RD DETROIT 48219,42.439424,-83.236579
2320 CANIFF ST DETROIT MI,42.397984,-83.064071
8000 WOODWARD AVE DETROIT 48202,42.374751,-83.075431
18701 PAUL STREET DETROIT 48228,42.335501,-83.223493
9026 WOODWARD AVE DETROIT 48202,42.382588,-83.079842
110 E 2ND ST ROYAL OAK 48067,42.488582,-83.14328
CHALMERS STREET & SARATOGA STREET DETROIT 48205,42.432797,-82.975225
850 RED OAK RD ANN ARBOR 48103,42.289752,-83.75989
18800 PURITAN AVE DETROIT 48223,42.408697,-83.225804
300 RIVER PL DR SUITE 1400,42.336595027024906,-83.01742108560332
25200 KELLY RD ROSEVILLE 48066,42.481526,-82.926846
15811 ROSA PARKS BLVD DETROIT 48238,42.409354,-83.118702
22200 W NINE MILE RD SOUTHFIELD 48033,42.457961,-83.262051
5716 MICHIGAN AVE DETROIT 48210,42.331456,-83.113458
114 ORCHARD LAKE RD PONTIAC 48341,42.635124,-83.295901
18100 MEYERS RD DETROIT 48235,42.423046,-83.169323
4600 MARTIN DETROIT 48210,42.331929,-83.127288
440 BURROUGHS DETROIT 48202,42.36507,-83.073009
4401 CONNER ST DETROIT 48215,42.386305,-82.970918
9151 CHALMERS ST DETROIT 48213,42.406351,-82.965863
7220 GRATIOT AVE DETROIT 48213,42.373027,-83.018361
2351 12 MILD RD BERKLEY 48072,42.512277,-83.138097
12500 MITCHELL ST DETROIT 48212,42.409008,-83.064149
33030 VAN BORN RD ROMULUS 48174,42.267807,-83.363641
26998 WOODWARD AVE ROYAL OAK 48067,42.488704,-83.156893
550 STEPHENSON HWY TROY 48083,42.539198,-83.118933
15531 LINWOOD ST DETROIT 48238,42.406038,-83.12807
19760 MEYERS RD DETROIT 48235,42.437253,-83.170444
17050 RAUPP RD MELVINDALE 48122,42.286514,-83.166545
6145 CANYON ST DETROIT 48224,42.420757,-82.924286
12800 HARPER DETROIT 48213,42.401779,-82.973797
95 VICTOR ST HIGHLAND PARK 48203,42.40761,-83.094331
25650 OUTER DR W LINCOLN PARK 48146,42.263998,-83.170717
2001 W WARREN AVE DETROIT 48208,42.349463,-83.083959
7310 WOODWARD AVE DETROIT 48202,42.37085,-83.07287
12411 SEVEN MILE E DETROIT 48205,42.435074,-82.998268
924 CEDAR ST FLINT 48503,43.00679,-83.698302
432 SAGINAW ST FLINT 48502,43.016189,-83.691545
611 MARTIN LUTHER KING JR BLVD DETROIT 48201,42.344389,-83.063377
1355 OAKMAN BLVD DETROIT 48238,42.399389,-83.120983
13501 ROSA PARKS BLVD DETROIT 48238,42.396503,-83.113674
26212 SIX MILE RD REDFORD TOWNSHIP 48240,42.41447,-83.301745
24424 W MCNICHOLS RD DETROIT 48219,42.414693,-83.281424
730 S LAFAYETTE ROYAL OAK 48067,42.484163,-83.148356
15755 BREMEN STREET DETROIT 48224,42.394227,-82.94108
4835 LINCOLN ST DETROIT 48201,42.352183,-83.077636
5200 WOODWARD AVE DETROIT 48202,42.359425,-83.064416
4214 WEST VERNOR HWY DETROIT 48209,42.321082,-83.094364
8601 WOODWARD AVE DETROIT 48202,42.378855,-83.079727
706 DAVIS ST YPSILANTI 48198,42.236134,-83.599417
26650 EUREKA RD TAYLOR 48180,42.196861,-83.297453
2959 MARTIN LUTHER KING JR BLVD,42.335486,-83.088219
5901 CONNER ST DETROIT 48213,42.394258,-82.98694
894 E HURON RIVER DR BELLEVILLE 48111,42.20915,-83.470772
300 W MCNICHOLS RD DETROIT 48203,42.417967,-83.10733
3410 FENTON RD FLINT 48507,42.990973,-83.693947
751 HENDRIE BLVD ROYAL OAK 48067,42.483213,-83.1518
3535 3RD ST DETROIT 48201,42.344679,-83.065819
2790 COOLIDGE HWY BERKLEY 48072,42.497738,-83.183334
3333 BIDDLE AVE WYANDOTTE 48192,42.200005,-83.150555
2 WOODWARD AVE DETROIT 48226,42.329671,-83.043719
12840 HAMILTON AVE HIGHLAND PARK 48203,42.396638,-83.102117
903 W GRAND BLVD DETROIT MI,42.332978,-83.097576
16427 W WARREN AVE DETROIT 48228,42.343247,-83.206734
5858 VERNOR HWY DETROIT 48209,42.316862,-83.104959
805 W. HURON ST ANN ARBOR 48103,42.281425,-83.756887
2518 MARKET ST DETROIT 48207,42.346454,-83.039157
27690 VAN DYKE AVE WARREN 48093,42.49763,-83.02626
1401 VERMONT DETROIT 48216,42.325455,-83.070631
4550 I-96 DETROIT 48208,42.351458,-83.10069
28477 HOOVER RD WARREN 48093,42.503341,-83.007097
8575 HERITAGE PLACE DETROIT 48204,42.3634,-83.122089
24831 SUMPTER RD BELLEVILLE 48111,42.121761,-83.480591
445 LEDYARD ST DETROIT 48201,42.339767,-83.058431
500 GRISWOLD ST DETROIT 48226,42.329539,-83.046072
13330 CONANT DETROIT 48212,42.414684,-83.060328
812 ROOT ST FLINT 48503,43.023564,-83.695829
2727 2ND AVE DETROIT 48201,42.340013,-83.061675
3436 MACK AVE DETROIT 48207,42.359584,-83.025868
13220 WOODWARD AVE HIGHLAND PARK 48203,42.402062,-83.094522
5555 CONNER ST #1038 DETROIT 48213,42.390274,-82.982155
309 ECORSE RD YPSILANTI 48198,42.237075,-83.596779
468 CADIEUX RD GROSSE POINTE 48230,42.383086,-82.912899
3804 HAZEL AVE LINCOLN PARK 48146,42.229013,-83.198179
2050 15TH ST DETROIT 48216,42.32834,-83.075486
"220 W CONGRESS ST, 2ND FLOOR #300 DETROIT 48226",42.329263,-83.048689
14548 JOY RD DETROIT 48228,42.358704,-83.186979
5161 CHARLES STREET DETROIT 48212,42.41249,-83.049042
5536 ST ANTOINE DETROIT 48202,42.364828,-83.05946
249 BALDWIN AVE PONTIAC 48342,42.651632,-83.299754
20025 GREENFIELD RD DETROIT 48235,42.440086,-83.200664
8950 CRANE STREET DETROIT 48213,42.394793,-83.014642
6528 MANSFIELD STREET DETROIT 48228,42.339493,-83.201705
9605 W GRAND RIVER AVE DETROIT 48204,42.367361,-83.135972
37595 7 MILE LIVONIA 48152,42.423992,-83.4157
7101 PARK AVE ALLEN PARK 48101,42.255647,-83.208134
18240 HUNTINGTON ROAD DETROIT 48219,42.423296,-83.2326
28720 STEPHENSON HWY MADION HEIGHTS 48071,42.503825,-83.116908
16129 BEAVERLAND ST DETROIT MI,42.408328,-83.266124
3000 12 MILE RD WARREN 48092,42.504779,-83.075334
26 PETERBORO ST DETROIT 48201,42.345403,-83.05762
7125 ORCHARD LAKE RD WEST BLOOMFIELD TOWNSHIP 48322,42.532834,-83.358963
4717 ST ANTOINE DETROIT 48201,42.358015,-83.056962
1964 W ELEVEN MILE RD BERKLEY 48072,42.499235,-83.181077
1234 PORTER ST DETROIT 48226,42.329505,-83.061179
25340 OUTER DR W LINCOLN PARK 48146,42.266895,-83.177328
1381 SOUTHFIELD RD LINCOLN PARK 48146,42.250565,-83.179824
15361 PLYMOUTH RD DETROIT 48227,42.372326,-83.195895
140 SUPERIOR BLVD DETROIT 48192,42.206745,-83.15097
13874 GRAND RIVER AVE DETROIT 48227,42.386398,-83.181569
40111 DODGER PARK RD STERLING HEIGHTS 48313,42.588625,-83.012502
19750 BURT RD DETROIT MI,42.436067,-83.24818
10633 COURVILLE ST DETROIT 48224,42.415692,-82.956336
6495 W WARREN AVE DETROIT 48210,42.344185,-83.133796
22000 GRAND RIVER AVE DETROIT MI,42.416931,-83.257847
5900 MCCLELLAN AVE DETROIT 48213,42.388414,-83.005021
7425 FIELDING ST DETROIT 48228,42.346267,-83.240797
3901 MARGARETA AVE DETROIT 48221,42.428051,-83.138527
3811 CICOTTE STREET DETROIT 48210,42.32811,-83.122317
211 GLENDALE AVE HIGHLAND PARK 48203,42.396764,-83.099609
1700 WATERMAN ST DETROIT 48209,42.312303,-83.113477
1456 MICHIGAN AVE DETROIT MI,42.331569,-83.066503
3729 W CHICAGO DETROIT 48206,42.372725,-83.120976
18313 JOHN R ST HIGHLAND PARK 48203,42.426402,-83.102417
4821 E MCNICHOLS RD HAMTRAMCK 48212,42.418995,-83.054387
4410 PORTER ST DETROIT 48209,42.316253,-83.094312
24140 MOUND RD WARREN 48091,42.470645,-83.043744
9600 WYOMING AVE DETROIT 48204,42.367338,-83.157079
29753 GRATIOT AVE ROSEVILLE 48066,42.516027,-82.925463
9104 RATHBONE ST DETROIT 48209,42.301206,-83.131073
3031 W GRAND BLVD STE 800 DETROIT 48202,42.3699214,-83.0786055
22261 FENKELL AVE DETROIT 48223,42.40003,-83.260295
1583 FORT ST LINCOLN PARK 48146,42.252456,-83.173906
1246 MELDRUM ST DETROIT 48207,42.348782,-83.011603
10301 WOODWARD AVE DETROIT 48202,42.389825,-83.087051
16650 GLENDALE STREET DETROIT 48227,42.382801,-83.210849
31581 GRATIOT AVE ROSEVILLE 48066,42.529189,-82.916673
2700 HAMLIN BLVD INKSTER 48141,42.291382,-83.311635
12850 PLYMOUTH RD DETROIT 48227,42.373512,-83.170246
14700 E 8 MILE RD DETROIT 48205,42.449355,-82.972001
4300 S DEARBORN ST MELVINDALE 48122,42.293317,-83.181517
31114 HAGGERTY RD FARMINGTON HILLS 48331,42.525178,-83.436798
440 BURROUGHS ST DETROIT 48202,42.36507,-83.073009
8600 WOODWARD AVE DETROIT 48202,42.379165,-83.078823
8733 VERNOR HWY DETROIT 48209,42.308852,-83.133102
7140 E. 7 MILE RD DETROIT 48234,42.43367,-83.029899
2715 MACOMB STREET DETROIT 48207,42.344187,-83.024267
2005 BIDDLE AVE WYANDOTTE 48192,42.213522,-83.149652
6945 WAGNER ST DETROIT 48210,42.339314,-83.135832
3901 CHRISTOPHER ST SUITE D DETROIT 48211,42.392814,-83.045665
24590 GEORGE AVE DEARBORN HEIGHTS 48127,42.331907,-83.277112
9860 PARK DR DETROIT 48213,42.408169,-82.979393
1726 HOWARD ST DETROIT 48216,42.325182,-83.066313
15801 W MCNICHOLS RD DETROIT 48235,42.415703,-83.20231
15212 MICHIGAN AVE DEARBORN 48126,42.317655,-83.192056
550 CHENE DETROIT 48207,42.340778,-83.023445
1100 SHERIDAN ST DETROIT 48214,42.352633,-83.001403
2799 W GRAND BLVD DETROIT 48202,42.367881,-83.08634
4200 MARTIN ST DETROIT 48210,42.330052,-83.12607
1116 W. BRISTOL RD FLINT 48507,42.974124,-83.698025
1981 MCKINSTRY ST DETROIT 48209,42.320541,-83.098162
7887 CHRYSLER DR DETROIT 48211,42.379957,-83.065149
3 WEST EDEN CT ANN ARBOR 48108,42.23387,-83.712426
2400 CENTRAL STREET DETROIT 48209,42.314272,-83.125002
256 W GRAND BLVD DETROIT 48216,42.317456,-83.08474
4646 JOHN R ST DETROIT MI,42.355583,-83.058813
15827 INDIANA ST DETROIT MI,42.40805,-83.157913
4646 JOHN R DETROIT 48201,42.355717,-83.059014
4626 GRAND RIVER AVE DETROIT 48208,42.347368,-83.08301
6900 MCGRAW AVE DETROIT 48210,42.33818,-83.134746
17045 GRAND RIVER AVE DETROIT 48227,42.397839,-83.213317
1400 W STADIUM BLVD ANN ARBOR 48103,42.264302,-83.764044
57 SOUTHBOUND GRATIOT AVE MT CLEMENS 48043,42.59294,-82.881154
23501 SUMPTER RD BELLEVILLE 48111,42.13228,-83.480859
14799 DIX TOLEDO RD SOUTHGATE 48195,42.2022,-83.207261
7607 VERNOR HWY DETROIT 48209,42.312926,-83.123089
8765 ORANGELAWN ST DETROIT MI,42.369208,-83.155582
11475 OUTER DR E DETROIT 48224,42.405671,-82.948623
3000 CONNER ST DETROIT 48215,42.379805,-82.964632
111 W SEVEN MILE RD HIGHLAND PARK 48203,42.431983,-83.104137
39000 W SEVEN MILE RD LIVONIA 48152,42.428188,-83.428077
438 ST ANTOINE ST DETROIT 48226,42.331967,-83.038259
8129 PACKARD AVE WARREN 48089,42.459061,-83.023888
223 S MAIN ST PLYMOUTH 48170,42.371949,-83.467757
18728 ECORSE RD ALLEN PARK 48101,42.256662,-83.226055
1150 E LANTZ ST DETROIT 48203,42.436596,-83.091698
1200 N TELEGRAPH PONTIAC 48341,42.654035,-83.321119
1300 E WARREN AVE DETROIT 48207,42.36134,-83.05139
13801 FENKELL AVE DETROIT 48227,42.401777,-83.181399
16500 TIREMAN AVE DETROIT 48228,42.351367,-83.208771
16077 MICHIGAN AVE DEARBORN 48126,42.31337,-83.2001
21000 NORTHLINE RD TAYLOR 48180,42.213111,-83.238859
5048 BALFOUR RD DETROIT 48224,42.400751,-82.94696
3901 CHRYSLER DR DETROIT 48201,42.352471,-83.051546
10431 GRAND RIVER DETROIT 48204,42.370724,-83.146677
4700 TIREMAN AVE DETROIT 48204,42.35384,-83.117301
1345 WOODWARD DETROIT MI,42.33368,-83.048619
22505 ALLEN RD WOODHAVEN 48183,42.144533,-83.225731
21001 MOROSS RD DETROIT 48236,42.424308,-82.926073
2424 W GRAND BLVD DETROIT 48208,42.361475,-83.095882
914 CHURCH ST DETROIT MI,42.331185,-83.066608
9540 CONANT HAMTRAMCK 48212,42.398415,-83.049565
3000 GRATIOT AVE DETROIT 48207,42.356112,-83.029306
6501 OUTER DR W DETROIT 48235,42.419192,-83.190874
3370 E JEFFERSON AVE DETROIT 48207,42.341668,-83.012955
27725 GREENFIELD RD SOUTHFIELD 48076,42.495057,-83.204144
270 S MORRELL ST DETROIT 48209,42.305299,-83.091737
19601 CRUSADE ST DETROIT 48205,42.440821,-82.961794
12789 INDIANA ST DETROIT 48238,42.381885,-83.157023
4901 EVERGREEN RD DEARBORN 48128,42.312703,-83.227214
803 HAZELWOOD ST DETROIT 48202,42.378766,-83.086736
1002 MILITARY AVE DETROIT 48209,42.309884,-83.102183
15320 E 9 MILE RD EASTPOINTE 48201,42.46454,-82.963762
19625 ELMIRA ST DETROIT 48228,42.368967,-83.234345
2535 MICHIGAN AVE DETROIT 48216,42.331114,-83.080911
759 INKSTER RD INKSTER 48141,42.306064,-83.30938
2470 COLLINGWOOD DETROIT MI,42.382199,-83.110915
8902 VINTON ST DETROIT 48213,42.395306,-83.008874
13110 14TH ST DETROIT 48238,42.393441,-83.114326
46000 SUMMIT PKWY CANTON 48188,42.295899,-83.492793
3000 BURNS AVE DETROIT 48214,42.3667,-82.998094
1445 E LAFAYETTE STREET DETROIT 48207,42.338467,-83.033673
2425 TUXEDO STREET DETROIT 48206,42.383816,-83.11198
21375 REDMOND AVE EASTPOINTE 48021,42.455031,-82.956992
2915 W HANDCOCK DETROIT 48202,42.345495,-83.094928
6442 PELHAM RD TAYLOR 48180,42.261969,-83.23166
7635 CHATHAM DETROIT 48239,42.347334,-83.260907
985 E JEFFERSON AVE DETROIT 48207,42.333581,-83.035162
3601 WEST 13 MILE RD ROYAL OAK 48073,42.514312,-83.192604
14460 WADE ST DETROIT 48213,42.408111,-82.965172
7737 KERCHEVAL AVE DETROIT 48214,42.358224,-83.002688
312 W HURON ST ANN ARBOR 48103,42.281657,-83.751086
12900 W CHICAGO DETROIT 48228,42.366168,-83.170956
605 GARLAND ST FLINT 48503,43.02071,-83.696793
27543 JOY RD WESTLAND 48185,42.354994,-83.314482
26091 TROWBRIDGE ST INKSTER 48141,42.293901,-83.298118
2081 W GRAND BLVD DETROIT 48208,42.357862,-83.107554
ANN ARBOR 48104,42.270903,-83.727826
19125 GREENVIEW AVE DETROIT 48219,42.430556,-83.225599
2600 GARLAND STREET DETROIT 48214,42.369674,-82.982845
5312 NEWPORT ST DETROIT 48213,42.397981,-82.962824
6451 SCHAEFER RD DEARBORN 48126,42.33765,-83.176721
15915 SOUTHFIELD RD ALLEN PARK 48101,42.259338,-83.211227
22735 FENKELL AVE DETROIT 48223,42.399977,-83.266273
13200 FENELON DETROIT 48212,42.413502,-83.052055
12047 MIAMI ST DETROIT 48217,42.271679,-83.15163
1400 OAKMAN BLVD DETROIT 48238,42.399732,-83.123825
15850 STRATHMOOR ST DETROIT 48227,42.408315,-83.187331
290 W NINE MILE RD FERNDALE 48220,42.46081,-83.138123
1829 PILGRIM ST DETROIT 48238,42.407718,-83.117558
32777 FIVE MILE RD LIVONIA 48154,42.396288,-83.368067
18440 HOOVER STREET DETROIT 48205,42.429552,-83.003429
1600 N HURON RIVER DR YPSILANTI 48197,42.257757,-83.640098
14450 BURT ROAD DETROIT 48223,42.392297,-83.246133
7 MILE & GRATIOT DETROIT 48205,42.435083,-82.977693
17801 GREELEY DETROIT 48203,42.423787,-83.087709
9451 S MAIN ST PLYMOUTH 48170,42.357957,-83.470417
7117 W. 7 MILE RD DETROIT 48221,42.431286,-83.144216
9555 HAGGERTY RD BELLEVILLE 48111,42.23251,-83.438925
7608 GRATIOT AVE DETROIT 48213,42.376026,-83.016172
19701 WYOMING STREET DETROIT 48221,42.437934,-83.163179
8401 TRINITY STREET DETROIT 48228,42.35443,-83.24757
420 W SEVEN MILE ROAD DETROIT 48203,42.432706,-83.107435
18017 E WARREN AVE DETROIT 48224,42.410336,-82.919065
4203 STURTEVANT ST DETROIT 49204,42.382483,-83.131695
25200 GIBRALTAR RD FLAT ROCK 48134,42.094534,-83.27718
32000 HARPER AVE ST CLAIR SHORES 48082,42.530979,-82.88903
15491 MADDELEIN ST DETROIT 48205,42.437343,-82.961939
253 E. MILWAUKEE AVE DETROIT 48202,42.370605,-83.069423
19299 BERG ROAD DETROIT 48219,42.432317,-83.268647
20331 FARMINGTON RD LIVONIA 48152,42.437916,-83.375561
6902 CHICAGO RD WARREN 48092,42.524212,-83.036023
18001 SUNSET ST DETROIT 48234,42.426174,-83.060869
5680 KONKEL STREET DETROIT 48210,42.327141,-83.110826
5540 TALBOT ST HAMTRAMCK 48212,42.408201,-83.046436
1000 SCOTTEN STREET DETROIT 48209,42.316084,-83.089428
30100 7 MILE LIVONIA 48152,42.427334,-83.343132
3666 GRAND RIVER DETROIT 48208,42.343274,-83.074574
4337 MAPLE ST DEARBORN 48126,42.319231,-83.17746
715 E CANFIELD ST DETROIT 48201,42.356578,-83.052626
16908 SEVEN MILE W DETROIT 48235,42.430406,-83.210679
601 BAGLEY ST DETROIT 48226,42.332722,-83.056458
13330 TRENTON RD SOUTHGATE 48195,42.210963,-83.193971
751 E GRAND BLVD DETROIT 48207,42.363237,-83.013104
18391 MORANG DETROIT 48205,42.429844,-82.958793
1044 W. BRISTOL RD FLINT 48507,42.974147,-83.695902
5301 RUSSELL ST DETROIT 48211,42.365017,-83.054526
25670 NORTHLINE RD TAYLOR 48180,42.211687,-83.286149
4880 LAWNDALE ST DETROIT 48210,42.328335,-83.14701
2260 S FORT ST DETROIT 48217,42.274313,-83.158192
6420 N NEWBURGH RD WESTLAND 48185,42.330888,-83.408757
5221 GULLEN MALL DETROIT 48202,42.358068,-83.070888
1754 N RADEMACHER ST DETROIT 48209,42.313065,-83.112606
735 E STEWART AVE FLINT 48505,43.054149,-83.692294
101 N GRAND TRAVERSE ST FLINT 48503,43.014818,-83.695884
9053 WOODWARD AVE DETROIT 48202,42.382537,-83.081836
7354 WHITTAKER ST DETROIT 48209,42.31232,-83.123607
16101 GRAND RIVER DETROIT 48227,42.395192,-83.20538
1847 SYCAMORE ST DETROIT 48208,42.339408,-83.076164
19321 W CHICAGO DETROIT 48228,42.364352,-83.23076
13000 ESSEX AVE DETROIT 48215,42.363643,-82.947863
5020 CADIEUX ROAD DETROIT 48224,42.407868,-82.928861
12461 CONANT DETROIT 48212,42.410731,-83.058562
12521 DEXTER AVE DETROIT 48206,42.384755,-83.127953
123 SELDEN STREET DETROIT 48201,42.348563,-83.060912
1145 W GRAND BLVD DETROIT 48208,42.334997,-83.101492
1034 MONROE ST DEARBORN 48124,42.30556,-83.244045
306 N DIVISION ST ANN ARBOR 48104,42.283316,-83.743158
7625 LINWOOD ST DETROIT 48206,42.363006,-83.101955
32851 GRATIOT ROSEVILLE 48066,42.538392,-82.910539
2400 SAGINAW ST DETROIT MI,42.37804,-83.034853
7900 KERCHEVAL AVE DETROIT 48214,42.357644,-83.000491
20901 MOROSS RD GROSSE POINTE 48236,42.424411,-82.927154
1938 FRANKLIN ST DETROIT MI,42.334691,-83.026317
10147 W CHICAGO DETROIT 48204,42.365245,-83.15964
6821 MEDBURY ST DETROIT 48211,42.380381,-83.027118
19411 CLIFF ST DETROIT 48234,42.437929,-83.029274
2449 12 MILE RD WARREN 48092,42.505802,-83.07916
13624 STOUT ST DETROIT 48223,42.385481,-83.240626
1258 BIDDLE AVE WYANDOTTE 48192,42.220946,-83.150493
1841 MIDDLEBELT RD GARDEN CITY 48135,42.323458,-83.331502
320 W 7TH ST ROYAL OAK 48607,43.433978,-83.925006
11825 DEXTER AVE DETROIT 48206,42.380593,-83.12515
7070 E 10 MILE RD CENTER LINE 48015,42.476796,-83.03302
6550 W WARREN AVE DETROIT 48210,42.345225,-83.13483
809 TAYLOR ST ANN ARBOR 48105,42.298129,-83.735376
1600 PORTER ST DETROIT 48216,42.32752,-83.066161
24602 VAN BORN RD DEARBORN HEIGHTS 48125,42.26931,-83.275941
2309 PACKARD ST ANN ARBOR 48104,42.254444,-83.724558
14001 LINWOOD ST DETROIT 48238,42.396689,-83.124675
15400 W MCNICHOLS RD DETROIT 48235,42.416279,-83.198477
8318 CARPENTER RD YPSILANTI 48197,42.16739,-83.679322
10 PETERBORO ST DETROIT 48201,42.345343,-83.057386
2111 MULLANE STREET DETROIT 48209,42.309224,-83.129875
2800 E DAVIDSON STREET DETROIT 48212,42.349076,-83.048293
1221 E. 7 MILE RD DETROIT 48203,42.432836,-83.090942
1333 BREWERY PARK BLVD DETROIT 48207,42.343405,-83.040188
JOHN R ST & E MCNICHOLS RD DETROIT 48203,42.417828,-83.101812
13901 E JEFFERSION AVE DETROIT 48215,42.371732,-82.948241
9301 MICHIGAN AVE DETROIT 48210,42.327953,-83.153991
3501 OAKWOOD BLVD MELVINDALE 48122,42.280525,-83.182907
50 E CANFIELD ST DETROIT 48201,42.352569,-83.060804
8646 FULLERTON AVE DETROIT 48238,42.382704,-83.154625
8145 PURITAN AVE DETROIT 48238,42.409191,-83.151858
4725 W FORT ST DETROIT 48209,42.310808,-83.09326
E STATE FAIR AVE & COVENTRY DETROIT 48203,42.439555,-83.101522
8530 JOY ROAD DETROIT 48204,42.359603,-83.153804
10196 W JEFFERSON AVE RIVER ROUGE 48218,42.278162,-83.131343
903 W GRAND BLVD DETROIT 48208,42.332978,-83.097576
718 OAK ST DETROIT MI,42.204175,-83.159754
28661 MICHIGAN AVE INKSTER 48141,42.290632,-83.322958
18101 OAKWOOD BLVD DEARBORN 48214,42.290725,-83.214207
3031 W. GRAND BLVD SUITE 505 DETROIT 48202,42.370182,-83.076279
101 E ALEXANDRINE ST DETROIT 48201,42.351633,-83.05861
3737 S WAYNE RD WAYNE 48184,42.281157,-83.383123
121 GRATIOT DETROIT 48226,42.333948,-83.046826
45580 WOODWARD AVE PONTIAC 48341,42.625068,-83.283885
2835 BAGLEY ST DETROIT 48216,42.324199,-83.081279
8642 WOODWARD AVE DETROIT 48202,42.379543,-83.079208
14000 W SEVEN MILE RD DETROIT 48235,42.431235,-83.18427
"6845 WANGER ST, DETROIT DETROIT 48210",42.371762,-83.117603
1121 E MCNICHOLS RD DETROIT 48203,42.418334,-83.091656
12929 W. MCNICHOLS DETROIT 48235,42.416405,-83.172836
3350 W DAVISON DETROIT 48238,42.390299,-83.130289
4441 COLLINGWOOD ST DETROIT 48204,42.374079,-83.128889
3200 E LAFAYETTE ST DETROIT 48207,42.343015,-83.01541
11724 CASINO AVE DETROIT 48224,42.426794,-82.945646
16630 LAHSER RD DETROIT 48219,42.410518,-83.256552
18025 BROCK STREET DETROIT 48205,42.428673,-82.963528
1228 S WASHINGTON AVE DETROIT MI,42.332841,-83.050629
"3031 W GRAND BLVD, 8TH FLOOR DETROIT 48202",42.370182,-83.076279
"19750 BURT RD, ROOM 205 DETROIT 48129",42.436067,-83.24818
39 CEADARHURST PL DETROIT 48203,42.421583,-83.102647
4290 JACKSON RD ANN ARBOR 48103,42.286348,-83.815424
707 W MILWAUKEE AVE DETROIT 48202,42.366852,-83.077835
2634 WEBB ST DETROIT 48206,42.382827,-83.115921
15771 HUBBELL AVE DETROIT 48227,42.406414,-83.189706
4390 CONNER ST DETROIT 48215,42.38664,-82.969637
518 HARRIET ST YPSILANTI 48197,42.23407,-83.618822
24 FERRIS ST HIGHLAND PARK 48203,42.413263,-83.101487
12501 HAMILTON AVE HIGHLAND PARK 48203,42.394344,-83.101053
14301 BURT RD DETROIT 48223,42.391215,-83.247375
33717 WOODWARD AVE BIRMINGHAM 48009,42.537176,-83.205472
5675 LARKINS ST DETROIT 48210,42.338497,-83.136312
12800 VISGER ST DETROIT 48217,42.269465,-83.161793
1950 TRUMBULL DETROIT 48216,42.330991,-83.066163
3456 VERNOR HWY DETROIT 48216,42.324185,-83.08659
4646 JOHN R ST DETROIT 48201,42.355583,-83.058813
9330 SHOEMAKER STREET DETROIT 48213,42.389082,-83.005731
3031 W. GRAND BLVD SUITE 370,33.935396,-84.866654
3648 VERNOR HWY DETROIT 48216,42.323287,-83.088972
13928 HUBBELL AVE DETROIT 48227,42.387937,-83.188033
16520 WYOMING AVE DETROIT 48221,42.412553,-83.15982
7640 KERCHEVAL AVE DETROIT 48214,42.356876,-83.003199
3737 LAWTON ST DETROIT 48208,42.338181,-83.090004
1300 OAKMAN BLVD DETROIT 48238,42.40033,-83.12066
900 DICKERSON AVE DETROIT 48215,42.370185,-82.951153
50430 SCHOOL HOUSE RD CANTON 48187,42.307184,-83.536382
1300 W CANFIELD STREET DETROIT 48201,42.349267,-83.074536
5201 WOODWARD AVE DETROIT 48202,42.358358,-83.066792
15510 E STATE FAIR AVE DETROIT 48205,42.442199,-82.961707
2959 MARTIN LUTHER KING JR BLVD DETROIT 48208,42.335486,-83.088219
77 VICTOR ST HIGHLAND PARK 48203,42.407474,-83.09502
12048 GRAND RIVER AVE DETROIT 48204,42.376877,-83.158438
2430 S BEATRICE ST DETROIT 48217,42.269654,-83.154025
19501 BERG RD DETROIT 48219,42.435013,-83.269013
31735 MAPLEWOOD ST GARDEN CITY 48135,42.33216,-83.354194
9021 JOSEPH CAMPAU HAMTRAMCK 48212,42.391514,-83.054528
20303 KELLY RD DETROIT 48225,42.447774,-82.943765
6309 MACK AVE DETROIT 48207,42.361621,-83.02141
13651 E. MCNICHOLS DETROIT 48205,42.427109,-82.98405
3804 HAZEL HAVE LINCOLN PARK 48146,42.229013,-83.198179
1400 E 12 MILE RD MADISON HEIGHTS 48071,42.504688,-83.090439
751 E 9 MILE RD FERNDALE 48220,42.461021,-83.123658
882 OAKMAN BLVD DETROIT 48238,42.402965,-83.114158
6421 FRENCH RD DETROIT MI,42.394979,-82.997854
18301 JOHN R ST HIGHLAND PARK 48203,42.426292,-83.10234
101 BURTON ST FLINT 48503,43.026724,-83.68373